student_type,total_episodes,remediation_steps,mainline_steps,remediation_ratio,mainline_ratio,avg_steps,rag_activation_ratio
Careless,100,667,1702,0.2815533980582524,0.7184466019417476,23.69,0.0
Average,100,873,2629,0.24928612221587665,0.7507138777841234,35.02,0.0
Weak Foundation,100,2319,2639,0.46772892295280355,0.5322710770471965,49.58,0.46
